<?xml version="1.0" encoding="UTF-8"?>
<!DOCTYPE mapper
  PUBLIC "-//mybatis.org//DTD Mapper 3.0//EN"
  "http://mybatis.org/dtd/mybatis-3-mapper.dtd">
  <mapper namespace="com.artauction.mapper.BoardMapper">
  
  <select id="getList" resultType="com.artauction.domain.BoardVO">
  <![CDATA[
  select * from tb_board where bno >0
  ]]>
  </select>
  
  <insert id="insert">
  insert into tb_board (bno,title,content,writer)
  values (seq_tb_board.netxtval, #{title}, #{content}, #{writer})
  </insert>
  
  <insert id="insertSelectKey">
  
	  <selectKey keyProperty="bno" order="BEFORE" resultType="long">
	  	select seq_tb_board.nextval from dual
	  </selectKey>
	  
	  insert into tb_board (bno,title,content,writer)
	  values(#{bno}, #{title}, #{content}, #{writer})
	  
  </insert>
  
  <select id="read" resultType="com.artauction.domain.BoardVO">
  select * from tb_board where bno = #{bno}
  </select>
  
  <delete id="delete">
  delete tb_board where bno= #{bno}
  </delete>
  
  <update id="update">
  	update tb_board set title=#{title},
  	content=#{content},
  	writer=#{writer},
  	updateDate=sysdate
  	where bno=#{bno}
  </update>
  </mapper>